{"cameraMode":{"drawMode":0,"name":"Shaded","section":"Shading Mode"},"sceneLighting":false,"audioPlay":false,"sceneViewState":{"m_AlwaysRefresh":false,"showFog":true,"showSkybox":false,"showFlares":true,"showImageEffects":true,"showParticleSystems":true,"showVisualEffectGraphs":true,"m_FxEnabled":true},"in2DMode":false,"pivot":{"x":0.2602541446685791,"y":0.4037742614746094,"z":-0.38880491256713869},"rotation":{"x":0.15237799286842347,"y":-0.08882064372301102,"z":0.013751168735325337,"w":0.9842302203178406},"size":1.5796736478805543,"orthographic":false}